ASSET,DTM,FACILITY_ID
LaHa,2023-01-06 14:57:00.000,20000009
LaHa,2022-12-21 10:10:04.000,20000032
SOHA,2022-12-09 10:50:30.000,10084684
LaHa,2022-11-28 13:02:13.000,20000059
Hawkville,2022-11-11 11:47:04.000,10085492
LaHa,2022-11-08 10:21:57.000,20000059
LaHa,2022-11-07 15:12:35.000,10085667
LaHa,2022-11-07 10:48:57.000,10085624
LaHa,2022-11-03 13:01:20.000,10085632
LaHa,2022-11-02 12:02:58.000,10086027
SOHA,2022-10-30 13:24:09.000,10107214
SOHA,2022-10-29 12:02:00.000,10093961
LaHa,2022-10-15 10:08:00.000,10085780
SOHA,2022-09-27 12:15:00.000,10084687
LaHa,2022-09-19 14:35:16.000,20000033
LaHa,2022-09-19 12:26:16.000,10085657
LaHa,2022-09-08 12:18:00.000,10085891
LaHa,2022-09-04 12:17:00.000,10085657
LaHa,2022-09-04 09:52:00.000,20000033
LaHa,2022-09-03 12:07:49.000,10086009
LaHa,2022-09-03 11:26:32.000,10085860
LaHa,2022-09-03 10:42:26.000,20000051
Hawkville,2022-09-01 16:59:53.000,10085394
LaHa,2022-08-26 10:26:00.000,20000009
SOHA,2022-08-24 13:24:19.000,10084560
SOHA,2022-08-23 12:15:33.000,10199841
SOHA,2022-08-23 10:08:13.000,10018674
Permian,2022-08-19 13:49:00.000,10085460
Permian,2022-08-19 13:11:00.000,10086098
Permian,2022-08-09 12:57:00.000,10085511
LaHa,2022-08-04 09:39:00.000,10086026
LaHa,2022-08-02 10:21:18.000,10085610
LaHa,2022-08-01 15:39:15.000,10086009
LaHa,2022-08-01 15:13:59.000,20000051
LaHa,2022-07-31 13:00:00.000,10085411
LaHa,2022-07-26 13:16:47.000,20000033
LaHa,2022-07-26 11:46:47.000,10085661
Permian,2022-07-20 10:16:00.000,10085461
LaHa,2022-07-17 14:05:09.000,20000032
LaHa,2022-07-16 11:26:00.000,10085440
Hawkville,2022-07-14 11:10:07.000,10085494
LaHa,2022-07-14 10:49:54.000,10086068
SOHA,2022-07-12 12:08:25.000,10119228
Hawkville,2022-07-11 15:46:00.000,10090747
SOHA,2022-07-09 14:39:00.000,10107129
Hawkville,2022-07-08 10:26:16.000,10085499
Hawkville,2022-06-30 17:21:50.000,10086094
Hawkville,2022-06-29 09:37:00.000,10085944
LaHa,2022-06-24 16:20:00.000,20000051
LaHa,2022-06-24 10:32:00.000,20000009
LaHa,2022-06-22 16:53:00.000,10085618
LaHa,2022-06-22 08:29:00.000,10085896
Permian,2022-06-21 12:18:51.000,10085535
SOHA,2022-06-15 12:51:00.000,10199839
Karnes,2022-06-09 12:35:35.000,10086117
Permian,2022-06-07 12:06:24.000,10111830
Permian,2022-05-24 09:09:00.000,10085545
LaHa,2022-05-14 12:40:00.000,20000006
LaHa,2022-05-14 10:07:00.000,10085590
SOHA,2022-05-13 17:50:49.000,10084392
LaHa,2022-05-13 13:21:40.000,10085737
Hawkville,2022-05-13 10:07:00.000,10086053
LaHa,2022-05-11 10:05:00.000,20000051
LaHa,2022-05-10 15:51:04.000,20000059
SOHA,2022-04-15 11:11:00.000,10084560
SOHA,2022-04-15 07:55:00.000,10084392
LaHa,2022-04-09 12:10:32.000,10087798
LaHa,2022-04-09 10:23:31.000,10085737
LaHa,2022-04-09 08:29:56.000,10085660
Hawkville,2022-04-08 08:21:14.000,10086037
LaHa,2022-04-05 14:08:00.000,20000009
LaHa,2022-04-04 17:42:46.000,10085714
LaHa,2022-04-04 16:09:09.000,20000033
LaHa,2022-04-02 09:15:36.000,10086051
LaHa,2022-04-01 12:44:57.000,10086009
LaHa,2022-03-26 14:23:00.000,10085922
Hawkville,2022-03-26 06:26:00.000,10090647
LaHa,2022-03-20 11:44:59.000,10085779
LaHa,2022-03-19 09:48:27.000,10085590
LaHa,2022-03-12 08:34:46.000,10086068
Karnes,2022-03-10 13:25:00.000,10086117
Karnes,2022-03-09 14:18:00.000,10154449
Karnes,2022-03-09 14:06:00.000,10085984
Karnes,2022-03-09 13:21:00.000,10085644
LaHa,2022-03-04 12:27:00.000,10085747
LaHa,2022-03-04 11:58:00.000,10086025
LaHa,2022-03-04 09:20:00.000,10085934
SOHA,2022-03-03 13:12:00.000,10084392
LaHa,2022-02-28 15:27:00.000,10085940
LaHa,2022-02-28 14:13:00.000,10085610
LaHa,2022-02-28 13:08:00.000,10085750
LaHa,2022-02-28 10:57:00.000,10085405
LaHa,2022-02-28 08:23:00.000,20000017
SOHA,2022-02-27 17:34:00.000,10084687
SOHA,2022-02-26 08:37:23.000,10084410
LaHa,2022-02-20 08:58:28.000,10085407
LaHa,2022-02-19 15:43:00.000,10087798
LaHa,2022-02-19 14:44:00.000,10085773
LaHa,2022-02-19 14:25:00.000,10085931
LaHa,2022-02-19 13:21:00.000,10085989
LaHa,2022-02-19 12:39:00.000,10085701
LaHa,2022-02-19 11:57:00.000,10085863
LaHa,2022-02-19 11:38:00.000,10086092
Permian,2022-02-19 11:20:00.000,10085544
LaHa,2022-02-19 10:17:00.000,10085820
LaHa,2022-02-18 16:21:00.000,10085607
LaHa,2022-02-18 14:55:00.000,10085923
LaHa,2022-02-18 11:47:00.000,10085649
LaHa,2022-02-18 11:24:00.000,10085857
LaHa,2022-02-18 10:43:00.000,10085722
LaHa,2022-02-18 10:12:00.000,10085379
LaHa,2022-02-16 08:47:00.000,10085665
LaHa,2022-02-14 15:43:12.000,10085936
LaHa,2022-02-14 13:41:21.000,10085666
LaHa,2022-02-14 12:50:23.000,10085668
LaHa,2022-02-14 12:14:28.000,10086071
LaHa,2022-02-14 11:28:56.000,10085736
LaHa,2022-02-14 08:14:20.000,10085645
LaHa,2022-02-13 12:42:00.000,10086016
LaHa,2022-02-13 11:09:00.000,10085690
LaHa,2022-02-13 10:45:00.000,10085950
LaHa,2022-02-13 08:17:00.000,10085672
LaHa,2022-02-09 15:45:00.000,10086076
LaHa,2022-02-09 12:27:00.000,10085721
LaHa,2022-02-09 11:51:00.000,10085658
LaHa,2022-02-08 10:48:00.000,10086045
LaHa,2022-02-08 09:53:00.000,10085714
LaHa,2022-02-08 09:25:00.000,20000033
LaHa,2022-02-08 08:52:00.000,10085439
Hawkville,2022-02-07 13:10:19.000,10085475
LaHa,2022-02-06 08:36:00.000,10086009
LaHa,2022-02-06 08:10:00.000,20000051
LaHa,2022-02-06 07:59:00.000,10085622
LaHa,2022-02-05 11:55:00.000,10085691
LaHa,2022-02-05 10:57:00.000,10085860
LaHa,2022-01-31 10:07:34.000,10085631
LaHa,2022-01-31 08:24:45.000,10085757
Permian,2022-01-28 16:22:58.000,10085463
LaHa,2022-01-27 10:55:00.000,10085928
LaHa,2022-01-27 10:08:00.000,10086020
LaHa,2022-01-27 08:46:00.000,10085771
LaHa,2022-01-26 15:35:00.000,10085635
LaHa,2022-01-26 14:17:00.000,10085634
LaHa,2022-01-17 16:16:00.000,10085982
LaHa,2022-01-13 13:08:00.000,10086070
LaHa,2022-01-13 10:25:00.000,10085707
LaHa,2022-01-13 10:20:00.000,10085711
LaHa,2022-01-13 09:31:00.000,10085713
LaHa,2022-01-13 08:12:00.000,10085579
LaHa,2022-01-12 15:37:00.000,10086105
LaHa,2022-01-12 14:01:00.000,20000006
LaHa,2022-01-12 09:14:00.000,10085568
LaHa,2022-01-12 08:13:00.000,10085625
LaHa,2022-01-11 14:30:00.000,10085799
LaHa,2022-01-11 12:24:00.000,10086068
LaHa,2022-01-11 08:11:00.000,10085618
LaHa,2022-01-07 14:57:04.000,10086025
LaHa,2022-01-07 09:51:20.000,10085791
LaHa,2022-01-04 09:33:05.000,10085874
LaHa,2022-01-03 17:06:00.000,10085745
LaHa,2022-01-03 11:22:00.000,10086029
LaHa,2021-12-30 14:51:25.000,10085559
LaHa,2021-12-30 13:27:07.000,10085561
LaHa,2021-12-29 16:08:00.000,10085896
SOHA,2021-12-27 14:20:00.000,10199839
LaHa,2021-12-22 12:54:50.000,10086076
LaHa,2021-12-22 12:39:11.000,10085860
LaHa,2021-12-22 11:25:47.000,10085631
LaHa,2021-12-22 11:18:38.000,10085989
LaHa,2021-12-22 09:58:36.000,10085820
LaHa,2021-12-22 09:43:30.000,10085453
LaHa,2021-12-21 16:50:51.000,10086092
LaHa,2021-12-21 16:14:27.000,10085863
LaHa,2021-12-21 14:52:27.000,10085451
LaHa,2021-12-21 14:48:24.000,10085622
LaHa,2021-12-21 14:19:41.000,10087798
LaHa,2021-12-21 14:01:27.000,10085775
LaHa,2021-12-21 13:59:13.000,10085439
LaHa,2021-12-21 11:01:37.000,10086009
LaHa,2021-12-21 10:37:46.000,10085632
LaHa,2021-12-19 16:36:24.000,10085691
LaHa,2021-12-19 16:24:59.000,10085607
LaHa,2021-12-13 16:12:00.000,10085714
LaHa,2021-12-13 15:41:00.000,10085923
LaHa,2021-12-13 14:08:00.000,10085658
LaHa,2021-12-13 13:03:00.000,10085737
LaHa,2021-12-13 11:58:00.000,10085649
LaHa,2021-12-13 11:56:00.000,10085661
LaHa,2021-12-13 11:32:00.000,10085857
LaHa,2021-12-13 10:24:00.000,10085572
LaHa,2021-12-13 08:29:00.000,10085757
LaHa,2021-12-12 16:02:00.000,10085738
LaHa,2021-12-12 14:44:00.000,10086016
LaHa,2021-12-12 10:23:00.000,10085771
LaHa,2021-12-12 09:02:00.000,10085399
LaHa,2021-12-08 14:45:27.000,10085407
Karnes,2021-12-08 13:43:26.000,10085883
LaHa,2021-12-08 13:12:04.000,10085940
Karnes,2021-12-08 12:23:35.000,10085454
LaHa,2021-12-08 12:18:21.000,10085937
LaHa,2021-12-08 12:06:05.000,10085405
LaHa,2021-12-07 14:36:25.000,10085610
LaHa,2021-12-07 13:01:38.000,10085690
LaHa,2021-12-07 12:18:45.000,10085645
LaHa,2021-12-07 10:31:29.000,10085950
Karnes,2021-12-07 09:20:33.000,10139709
LaHa,2021-12-07 08:59:06.000,10085672
LaHa,2021-12-02 16:28:28.000,10085736
LaHa,2021-12-02 14:38:27.000,10086071
LaHa,2021-12-02 13:30:22.000,10085936
LaHa,2021-12-02 11:46:46.000,10085668
LaHa,2021-12-02 11:20:54.000,10085635
LaHa,2021-12-02 10:34:37.000,10085634
LaHa,2021-11-30 08:43:38.000,10086070
LaHa,2021-11-29 16:48:34.000,10085579
LaHa,2021-11-27 09:11:36.000,10085640
Hawkville,2021-11-26 14:47:19.000,10085627
LaHa,2021-11-26 11:50:32.000,10085625
SOHA,2021-11-24 13:56:05.000,10084692
SOHA,2021-11-24 08:58:05.000,10084684
SOHA,2021-11-24 07:38:38.000,10084392
LaHa,2021-11-23 15:54:12.000,10086043
LaHa,2021-11-23 14:13:37.000,10085798
LaHa,2021-11-23 12:31:04.000,10085713
LaHa,2021-11-22 17:08:05.000,10085711
LaHa,2021-11-22 17:04:21.000,10085707
LaHa,2021-11-22 15:55:31.000,10086025
LaHa,2021-11-22 15:25:08.000,10085746
LaHa,2021-11-22 14:26:05.000,10086105
SOHA,2021-11-22 13:02:40.000,10084694
LaHa,2021-11-19 16:06:49.000,20000006
LaHa,2021-11-19 14:58:24.000,10085791
LaHa,2021-11-19 07:51:38.000,10085559
Permian,2021-11-15 13:34:47.000,10085519
LaHa,2021-11-14 16:37:57.000,10086028
LaHa,2021-11-14 15:45:29.000,10085874
LaHa,2021-11-14 09:01:57.000,10085896
LaHa,2021-11-13 10:06:49.000,10085750
LaHa,2021-11-13 08:06:45.000,10085736
LaHa,2021-11-12 16:26:13.000,10085690
LaHa,2021-11-12 15:56:30.000,10085950
LaHa,2021-11-12 15:31:21.000,10085407
LaHa,2021-11-12 14:10:15.000,10085645
LaHa,2021-11-12 10:08:27.000,10085405
LaHa,2021-11-12 09:06:38.000,10085820
LaHa,2021-11-12 08:49:49.000,10085453
LaHa,2021-11-12 08:10:57.000,10085441
LaHa,2021-11-10 10:17:48.000,10085863
LaHa,2021-11-10 09:29:17.000,10086092
LaHa,2021-11-10 08:15:56.000,10085451
Hawkville,2021-11-10 08:15:39.000,10085388
LaHa,2021-11-10 07:32:16.000,10085381
LaHa,2021-11-10 07:12:28.000,10085931
LaHa,2021-11-08 14:40:26.000,10087798
LaHa,2021-11-08 14:26:18.000,10085775
LaHa,2021-11-08 14:00:10.000,10086073
LaHa,2021-11-08 12:53:48.000,10085607
LaHa,2021-11-08 11:54:53.000,10085923
LaHa,2021-11-08 11:03:48.000,10085572
LaHa,2021-11-08 10:09:32.000,10085649
LaHa,2021-11-07 10:55:08.000,10085622
LaHa,2021-11-05 11:19:03.000,10085757
LaHa,2021-11-05 09:50:07.000,10085771
LaHa,2021-11-02 11:02:18.000,10085631
LaHa,2021-11-02 10:42:00.000,10085370
LaHa,2021-11-02 09:19:41.000,10085632
LaHa,2021-11-01 15:21:38.000,10086071
LaHa,2021-11-01 14:19:45.000,10085668
LaHa,2021-11-01 11:43:46.000,10085635
LaHa,2021-10-31 17:28:43.000,10085634
SOHA,2021-10-31 16:06:54.000,10093964
LaHa,2021-10-31 13:22:21.000,10085439
SOHA,2021-10-31 13:16:35.000,10084692
SOHA,2021-10-31 12:37:15.000,10084588
LaHa,2021-10-31 12:13:09.000,10085658
LaHa,2021-10-31 11:35:44.000,20000033
LaHa,2021-10-31 11:21:10.000,10085715
SOHA,2021-10-31 11:12:08.000,10018674
LaHa,2021-10-31 10:30:32.000,10085737
LaHa,2021-10-31 08:40:40.000,10086045
SOHA,2021-10-30 18:27:58.000,10084521
LaHa,2021-10-30 12:34:00.000,10085989
LaHa,2021-10-30 11:13:53.000,10085665
LaHa,2021-10-30 10:15:13.000,10086016
LaHa,2021-10-26 17:54:47.000,10086043
Hawkville,2021-10-26 13:21:52.000,10085627
LaHa,2021-10-26 11:34:46.000,10085579
LaHa,2021-10-26 10:03:21.000,10085940
LaHa,2021-10-26 08:57:24.000,10085936
LaHa,2021-10-25 16:39:17.000,10086070
Permian,2021-10-25 16:30:20.000,10086129
LaHa,2021-10-25 15:32:51.000,10085713
LaHa,2021-10-25 10:59:54.000,10085707
LaHa,2021-10-25 10:44:05.000,10085640
LaHa,2021-10-25 08:22:46.000,10085891
LaHa,2021-10-22 12:55:45.000,10086105
LaHa,2021-10-21 09:29:13.000,10085618
Permian,2021-10-20 18:42:17.000,10085941
LaHa,2021-10-20 10:40:48.000,10085625
LaHa,2021-10-19 12:49:02.000,10085791
LaHa,2021-10-18 16:56:36.000,10085746
Hawkville,2021-10-18 09:33:47.000,10085388
LaHa,2021-10-17 10:53:14.000,10086029
LaHa,2021-10-17 08:45:50.000,10085874
LaHa,2021-10-17 08:42:06.000,10085559
LaHa,2021-10-15 14:06:36.000,10085896
LaHa,2021-10-15 12:12:33.000,20000033
LaHa,2021-10-15 11:33:41.000,10085768
LaHa,2021-10-15 11:30:22.000,10085931
LaHa,2021-10-15 11:05:23.000,10087798
LaHa,2021-10-15 10:55:03.000,10085775
LaHa,2021-10-12 10:55:40.000,10085863
LaHa,2021-10-12 10:45:49.000,10085453
LaHa,2021-10-12 10:29:12.000,10085820
LaHa,2021-10-12 10:20:18.000,10086092
LaHa,2021-10-12 08:54:50.000,10085451
LaHa,2021-10-10 09:19:58.000,10085989
LaHa,2021-10-10 08:52:20.000,10085381
LaHa,2021-10-09 10:01:31.000,10085924
LaHa,2021-10-09 08:43:02.000,10085923
LaHa,2021-10-09 08:00:18.000,10085572
LaHa,2021-10-08 15:23:57.000,10085649
LaHa,2021-10-08 11:19:27.000,10085622
LaHa,2021-10-08 09:35:32.000,10085439
LaHa,2021-10-08 08:49:44.000,10085691
LaHa,2021-10-07 14:23:07.000,10085659
LaHa,2021-10-07 13:30:18.000,10085715
LaHa,2021-10-07 12:17:50.000,10085658
LaHa,2021-10-07 09:47:42.000,10085737
LaHa,2021-10-07 09:23:54.000,10086045
LaHa,2021-10-07 07:11:02.000,10085571
LaHa,2021-10-06 12:27:00.000,10086016
LaHa,2021-10-06 08:13:00.000,10085665
LaHa,2021-10-06 07:39:00.000,10085940
LaHa,2021-10-05 12:08:44.000,10085405
LaHa,2021-10-05 09:02:46.000,10085407
LaHa,2021-10-04 12:30:00.000,10085632
LaHa,2021-10-04 11:26:00.000,10085631
LaHa,2021-10-04 11:07:00.000,10085370
LaHa,2021-09-27 16:13:29.000,10085750
LaHa,2021-09-27 15:09:17.000,10085736
LaHa,2021-09-27 13:49:30.000,10086071
LaHa,2021-09-27 12:35:20.000,10085936
LaHa,2021-09-27 11:19:09.000,10085668
LaHa,2021-09-27 10:52:32.000,10085635
LaHa,2021-09-27 10:01:08.000,10085634
LaHa,2021-09-26 12:39:16.000,10086043
LaHa,2021-09-26 12:04:10.000,10086070
LaHa,2021-09-26 09:57:07.000,10085707
LaHa,2021-09-26 09:10:23.000,10086107
LaHa,2021-09-25 07:51:00.000,10085713
LaHa,2021-09-24 16:33:24.000,10085579
LaHa,2021-09-24 14:42:40.000,10085592
LaHa,2021-09-24 14:13:53.000,10085562
LaHa,2021-09-24 11:31:10.000,10085690
LaHa,2021-09-24 11:03:37.000,10085950
LaHa,2021-09-24 09:17:23.000,10085645
SOHA,2021-09-23 17:32:11.000,10093967
SOHA,2021-09-23 16:00:26.000,10084521
SOHA,2021-09-23 11:34:25.000,10084687
Hawkville,2021-09-23 10:42:36.000,10085627
LaHa,2021-09-23 09:33:50.000,10085625
Permian,2021-09-18 17:22:58.000,10085941
Hawkville,2021-09-17 10:50:00.000,10206093
LaHa,2021-09-12 10:23:26.000,10085672
LaHa,2021-09-12 08:33:48.000,10085639
LaHa,2021-09-12 07:30:55.000,10085640
LaHa,2021-09-11 11:28:41.000,10085800
LaHa,2021-09-10 14:54:14.000,10086025
LaHa,2021-09-10 14:19:22.000,10085746
LaHa,2021-09-10 09:41:25.000,10085892
LaHa,2021-09-10 09:14:54.000,10085891
LaHa,2021-09-09 09:33:12.000,10085888
LaHa,2021-09-09 09:29:12.000,10085886
LaHa,2021-09-09 07:45:37.000,10085561
LaHa,2021-09-08 15:07:03.000,10085560
LaHa,2021-09-08 10:47:20.000,10085896
LaHa,2021-09-08 10:00:24.000,10085559
LaHa,2021-09-07 15:03:09.000,10085768
LaHa,2021-09-07 10:15:44.000,10086029
Hawkville,2021-08-30 09:06:31.000,10085388
SOHA,2021-08-25 13:57:00.000,10084687
SOHA,2021-08-24 17:54:50.000,10107129
SOHA,2021-08-24 15:38:29.000,10084690
SOHA,2021-08-24 14:46:05.000,10084521
SOHA,2021-08-24 08:59:29.000,10093967
Permian,2021-08-18 17:47:38.000,10085651
LaHa,2021-08-14 09:32:11.000,10085820
LaHa,2021-08-14 09:13:53.000,10085453
LaHa,2021-08-14 09:00:36.000,10085862
LaHa,2021-08-14 08:00:48.000,10086091
Permian,2021-08-13 17:23:00.000,10085556
LaHa,2021-08-13 13:02:02.000,10085381
LaHa,2021-08-13 12:34:29.000,10086073
LaHa,2021-08-13 12:30:44.000,10086072
LaHa,2021-08-13 10:33:57.000,10085691
LaHa,2021-08-13 09:48:35.000,10085659
LaHa,2021-08-13 08:33:29.000,10085990
LaHa,2021-08-12 14:17:36.000,10086045
LaHa,2021-08-12 12:40:12.000,10085571
LaHa,2021-08-12 11:38:23.000,10086016
LaHa,2021-08-12 10:24:58.000,10086110
LaHa,2021-08-12 08:29:46.000,10085665
LaHa,2021-08-12 08:01:46.000,10085940
Permian,2021-08-11 13:26:21.000,10167456
LaHa,2021-08-11 09:18:17.000,10085750
LaHa,2021-08-10 08:58:55.000,10085405
LaHa,2021-08-09 07:49:43.000,10086102
LaHa,2021-08-07 12:50:38.000,10086071
LaHa,2021-08-07 12:10:12.000,10085736
LaHa,2021-08-07 10:11:34.000,10085951
LaHa,2021-08-07 09:33:21.000,10085645
LaHa,2021-08-05 14:40:26.000,10085635
LaHa,2021-08-05 13:58:55.000,10085668
LaHa,2021-08-05 13:37:20.000,10085666
LaHa,2021-08-05 12:57:01.000,10085936
LaHa,2021-08-05 12:29:57.000,10085384
LaHa,2021-08-05 11:23:31.000,10085634
LaHa,2021-08-04 13:52:47.000,10086043
LaHa,2021-08-04 13:14:16.000,10086070
LaHa,2021-08-04 09:14:25.000,10085713
LaHa,2021-08-03 13:33:56.000,10085592
LaHa,2021-08-03 12:48:43.000,10085562
Hawkville,2021-08-01 20:07:28.000,10085596
Karnes,2021-07-31 13:09:54.000,10086117
LaHa,2021-07-31 11:37:32.000,10085924
LaHa,2021-07-31 11:06:11.000,10085607
LaHa,2021-07-31 09:51:04.000,10085923
LaHa,2021-07-31 09:19:36.000,10085649
LaHa,2021-07-31 08:12:40.000,10085757
LaHa,2021-07-30 16:25:01.000,10085451
LaHa,2021-07-30 15:49:26.000,10087798
LaHa,2021-07-30 15:28:44.000,10085775
LaHa,2021-07-30 14:10:27.000,10085441
LaHa,2021-07-30 12:41:07.000,10085863
LaHa,2021-07-30 12:16:15.000,10086092
LaHa,2021-07-30 10:38:36.000,10085931
LaHa,2021-07-30 10:11:05.000,10085718
LaHa,2021-07-29 17:24:59.000,10085632
LaHa,2021-07-29 15:47:30.000,10085631
LaHa,2021-07-29 15:20:06.000,10085370
LaHa,2021-07-29 12:20:40.000,10086130
LaHa,2021-07-29 11:02:11.000,10085399
LaHa,2021-07-29 09:14:16.000,10085727
LaHa,2021-07-29 08:05:35.000,10085850
LaHa,2021-07-24 12:11:04.000,10085567
LaHa,2021-07-24 09:34:05.000,10085625
LaHa,2021-07-24 09:24:14.000,10085624
LaHa,2021-07-23 13:15:58.000,10085800
LaHa,2021-07-23 10:36:35.000,10085799
LaHa,2021-07-23 08:12:32.000,10086025
LaHa,2021-07-22 12:10:28.000,10085747
LaHa,2021-07-22 12:03:50.000,10085746
LaHa,2021-07-22 11:17:43.000,10085534
LaHa,2021-07-22 09:15:36.000,10085640
LaHa,2021-07-21 12:41:27.000,10085639
LaHa,2021-07-21 12:03:45.000,10085892
LaHa,2021-07-21 10:21:22.000,10085891
LaHa,2021-07-21 09:21:20.000,10085918
LaHa,2021-07-21 08:33:29.000,10085919
LaHa,2021-07-18 11:01:59.000,10085797
LaHa,2021-07-18 10:03:43.000,10085793
LaHa,2021-07-14 14:34:45.000,10085561
LaHa,2021-07-14 13:22:51.000,10085559
LaHa,2021-07-14 10:52:10.000,10085896
LaHa,2021-07-14 08:16:05.000,10085935
LaHa,2021-07-13 11:28:33.000,10085768
Hawkville,2021-07-13 08:57:38.000,10085388
LaHa,2021-07-13 07:42:26.000,10086029
Hawkville,2021-07-12 12:08:34.000,10085482
SOHA,2021-07-10 14:52:46.000,10084688
SOHA,2021-07-09 19:30:50.000,10084692
SOHA,2021-07-09 19:05:44.000,10084687
SOHA,2021-07-09 18:04:26.000,10199841
SOHA,2021-07-09 17:39:26.000,10084621
SOHA,2021-07-09 16:34:53.000,10093961
SOHA,2021-07-09 13:00:25.000,10057467
LaHa,2021-07-09 12:20:58.000,10086105
SOHA,2021-07-09 11:07:04.000,10084521
LaHa,2021-07-08 08:20:37.000,10086102
LaHa,2021-07-07 13:22:50.000,10085405
LaHa,2021-07-07 11:23:33.000,10085750
LaHa,2021-07-07 09:14:50.000,10085736
LaHa,2021-07-06 17:27:58.000,10085645
LaHa,2021-07-06 14:31:52.000,10085951
LaHa,2021-07-03 10:29:55.000,10086091
LaHa,2021-07-03 09:47:21.000,10085452
LaHa,2021-07-03 09:15:39.000,10085820
LaHa,2021-07-01 16:37:03.000,10085701
LaHa,2021-07-01 15:50:02.000,10085441
LaHa,2021-07-01 15:22:57.000,10085453
LaHa,2021-07-01 14:27:03.000,10085862
LaHa,2021-07-01 12:54:47.000,10086006
LaHa,2021-07-01 11:34:06.000,10085863
LaHa,2021-07-01 11:06:10.000,10085458
LaHa,2021-07-01 10:29:09.000,10086092
LaHa,2021-07-01 08:38:56.000,10085451
LaHa,2021-06-30 16:40:51.000,10085737
LaHa,2021-06-30 15:59:11.000,10085571
LaHa,2021-06-30 12:56:41.000,10085384
LaHa,2021-06-30 12:14:44.000,10085666
LaHa,2021-06-30 11:31:07.000,10085668
LaHa,2021-06-29 15:28:36.000,10085381
LaHa,2021-06-29 14:55:38.000,10085931
LaHa,2021-06-29 14:28:51.000,10085718
LaHa,2021-06-29 11:31:19.000,10087798
LaHa,2021-06-29 11:08:34.000,10085775
LaHa,2021-06-29 09:57:39.000,10085925
LaHa,2021-06-29 09:15:02.000,10085572
LaHa,2021-06-27 12:23:31.000,10085659
LaHa,2021-06-27 11:22:25.000,10085658
LaHa,2021-06-27 10:36:06.000,10086045
LaHa,2021-06-27 09:44:03.000,10086044
LaHa,2021-06-26 15:48:57.000,10085757
LaHa,2021-06-26 13:56:40.000,10086130
LaHa,2021-06-25 15:18:29.000,10085649
LaHa,2021-06-25 12:52:02.000,10085607
LaHa,2021-06-25 09:59:19.000,10085923
LaHa,2021-06-25 09:15:27.000,10085924
LaHa,2021-06-24 12:53:00.000,10085922
LaHa,2021-06-24 10:59:14.000,10085632
LaHa,2021-06-24 10:12:49.000,10085677
LaHa,2021-06-24 09:30:34.000,10086073
LaHa,2021-06-23 12:21:44.000,10085370
LaHa,2021-06-23 11:46:16.000,10085631
LaHa,2021-06-23 10:01:16.000,10085622
LaHa,2021-06-22 13:43:29.000,10085940
LaHa,2021-06-22 10:26:11.000,10086016
LaHa,2021-06-21 13:35:08.000,10086071
LaHa,2021-06-18 14:00:18.000,10085634
LaHa,2021-06-18 12:29:17.000,10085611
LaHa,2021-06-18 09:07:36.000,10086043
Karnes,2021-06-17 14:17:50.000,10085365
LaHa,2021-06-17 13:37:08.000,10085707
LaHa,2021-06-17 12:26:32.000,10086107
LaHa,2021-06-16 12:43:47.000,10085713
LaHa,2021-06-16 12:22:28.000,10085706
Hawkville,2021-06-15 15:56:41.000,10085596
LaHa,2021-06-15 14:04:29.000,10085592
LaHa,2021-06-15 13:17:52.000,10085562
LaHa,2021-06-15 11:26:02.000,10085590
LaHa,2021-06-14 12:42:39.000,10085624
Hawkville,2021-06-14 10:41:45.000,10085420
LaHa,2021-06-14 10:19:17.000,10085800
LaHa,2021-06-14 09:00:37.000,10085799
LaHa,2021-06-13 14:21:44.000,10085890
LaHa,2021-06-13 12:16:30.000,10086025
LaHa,2021-06-13 11:09:21.000,10085747
LaHa,2021-06-13 11:02:36.000,10085746
LaHa,2021-06-13 10:28:47.000,10085534
LaHa,2021-06-13 08:59:48.000,10085768
LaHa,2021-06-12 07:21:12.000,10085935
LaHa,2021-06-11 16:28:52.000,10085640
LaHa,2021-06-11 16:05:06.000,10085639
LaHa,2021-06-11 14:18:33.000,10085891
LaHa,2021-06-10 10:26:07.000,10085919
LaHa,2021-06-06 12:29:43.000,10085797
LaHa,2021-06-06 11:54:54.000,10085793
LaHa,2021-06-04 08:02:22.000,10085559
LaHa,2021-06-03 10:20:34.000,10085561
LaHa,2021-06-03 09:47:39.000,10085560
LaHa,2021-06-02 17:17:54.000,10085447
LaHa,2021-06-02 16:19:58.000,10085896
LaHa,2021-06-02 13:35:16.000,10085593
LaHa,2021-05-31 17:00:07.000,10086029
SOHA,2021-05-30 06:58:00.000,10084621
SOHA,2021-05-30 06:42:18.000,10107132
SOHA,2021-05-30 06:15:15.000,10084385
SOHA,2021-05-29 15:23:00.000,10119228
SOHA,2021-05-29 14:49:07.000,10107214
SOHA,2021-05-29 14:44:51.000,10084392
SOHA,2021-05-29 10:43:11.000,10084521
SOHA,2021-05-28 14:20:10.000,10143837
LaHa,2021-05-27 12:06:13.000,10086006
LaHa,2021-05-27 11:16:12.000,10085441
LaHa,2021-05-27 10:39:44.000,10085820
LaHa,2021-05-27 10:23:11.000,10085453
LaHa,2021-05-27 10:08:05.000,10085862
LaHa,2021-05-27 09:38:04.000,10085452
LaHa,2021-05-27 09:04:17.000,10086091
LaHa,2021-05-27 07:09:56.000,10085863
LaHa,2021-05-27 06:48:55.000,10085458
LaHa,2021-05-27 06:31:35.000,10086092
LaHa,2021-05-25 14:56:31.000,10085990
LaHa,2021-05-25 14:18:06.000,10085451
LaHa,2021-05-25 13:05:42.000,10086072
LaHa,2021-05-25 12:14:27.000,10085381
LaHa,2021-05-25 11:07:50.000,10085931
LaHa,2021-05-25 10:50:34.000,10085718
LaHa,2021-05-25 10:24:16.000,10087798
LaHa,2021-05-25 10:09:33.000,10085775
LaHa,2021-05-25 09:24:17.000,10085607
LaHa,2021-05-25 08:15:56.000,10085649
LaHa,2021-05-24 14:37:53.000,10085924
LaHa,2021-05-24 14:16:33.000,10085923
LaHa,2021-05-24 12:44:23.000,10085572
LaHa,2021-05-24 09:27:48.000,10085756
LaHa,2021-05-23 15:45:07.000,10085757
LaHa,2021-05-23 12:23:13.000,10085632
LaHa,2021-05-23 11:45:31.000,10085631
LaHa,2021-05-23 08:18:55.000,10085922
LaHa,2021-05-23 07:41:34.000,10085622
LaHa,2021-05-22 13:40:48.000,10085439
LaHa,2021-05-22 12:56:10.000,10085691
LaHa,2021-05-22 11:35:59.000,10085659
LaHa,2021-05-22 10:55:11.000,10085658
Hawkville,2021-05-22 08:24:39.000,10085468
LaHa,2021-05-22 07:54:59.000,10086045
LaHa,2021-05-22 07:13:37.000,10085737
LaHa,2021-05-21 12:23:29.000,10086016
LaHa,2021-05-19 14:22:10.000,10085665
LaHa,2021-05-18 11:39:59.000,10085940
Permian,2021-05-16 18:05:23.000,10085556
Hawkville,2021-05-13 12:40:05.000,10085388
LaHa,2021-05-07 14:49:42.000,10085405
LaHa,2021-05-06 12:50:53.000,10085750
LaHa,2021-05-05 14:49:00.000,10085668
LaHa,2021-05-05 14:21:32.000,10085666
LaHa,2021-05-05 13:32:00.000,10086071
LaHa,2021-05-05 12:46:00.000,10085736
LaHa,2021-05-05 09:54:00.000,10085459
LaHa,2021-05-05 08:33:00.000,10085951
LaHa,2021-05-05 06:51:00.000,10085645
LaHa,2021-05-04 09:56:11.000,10085936
LaHa,2021-05-04 09:07:42.000,10085635
LaHa,2021-05-04 08:20:16.000,10085634
LaHa,2021-05-04 07:59:12.000,10085684
LaHa,2021-05-02 12:31:19.000,10086043
LaHa,2021-05-01 18:28:52.000,10085707
LaHa,2021-05-01 17:00:23.000,10085706
LaHa,2021-05-01 16:36:11.000,10085861
LaHa,2021-05-01 15:08:22.000,10086105
LaHa,2021-05-01 12:27:19.000,10086015
LaHa,2021-05-01 10:07:51.000,10085580
LaHa,2021-05-01 08:27:07.000,10085562
LaHa,2021-05-01 08:02:10.000,10085591
LaHa,2021-05-01 07:26:46.000,10085590
LaHa,2021-05-01 06:46:35.000,10085567
LaHa,2021-04-30 16:37:57.000,10085624
LaHa,2021-04-30 13:25:10.000,10085800
LaHa,2021-04-30 12:55:03.000,10085799
LaHa,2021-04-29 12:49:59.000,10086025
LaHa,2021-04-29 12:12:28.000,10085747
LaHa,2021-04-29 12:04:25.000,10085746
LaHa,2021-04-29 11:21:16.000,10085534
LaHa,2021-04-29 06:38:24.000,10085793
LaHa,2021-04-27 13:22:24.000,10085935
Permian,2021-04-24 20:05:18.000,10085810
Permian,2021-04-24 13:19:16.000,10085637
LaHa,2021-04-15 15:36:59.000,10085896
LaHa,2021-04-15 11:26:53.000,10085640
LaHa,2021-04-15 10:58:18.000,10085639
LaHa,2021-04-15 10:32:18.000,10086077
LaHa,2021-04-15 10:01:50.000,10085891
LaHa,2021-04-15 08:03:58.000,10085919
LaHa,2021-04-15 07:34:53.000,10085934
LaHa,2021-04-14 18:14:57.000,10085559
LaHa,2021-04-14 15:34:15.000,10085561
LaHa,2021-04-13 08:44:08.000,10085768
LaHa,2021-04-13 06:58:10.000,10085692
Hawkville,2021-04-12 12:39:48.000,10085717
SOHA,2021-04-08 09:45:44.000,10057467
SOHA,2021-04-08 09:16:37.000,10084521
Hawkville,2021-04-07 15:26:55.000,10085976
Hawkville,2021-04-07 11:45:09.000,10085971
SOHA,2021-03-25 09:47:29.000,10084411
SOHA,2021-03-25 09:28:18.000,10084621
SOHA,2021-03-24 16:31:28.000,10084521
SOHA,2021-03-24 15:36:18.000,10084560
SOHA,2021-03-24 13:06:49.000,10107129
SOHA,2021-03-24 10:58:39.000,10084685
SOHA,2021-03-24 10:40:40.000,10024475
Hawkville,2021-03-24 09:21:13.000,10086055
SOHA,2021-03-24 09:17:00.000,10084694
LaHa,2021-03-23 12:12:42.000,10086006
LaHa,2021-03-23 11:12:54.000,10085820
LaHa,2021-03-23 10:49:50.000,10085441
LaHa,2021-03-23 10:26:37.000,10085453
LaHa,2021-03-23 10:10:23.000,10085862
LaHa,2021-03-23 09:51:41.000,10085452
LaHa,2021-03-23 09:16:06.000,10086091
LaHa,2021-03-23 07:04:18.000,10085458
LaHa,2021-03-22 11:26:27.000,10086092
LaHa,2021-03-22 10:36:23.000,10085863
LaHa,2021-03-21 17:42:49.000,10085451
LaHa,2021-03-21 16:50:04.000,10085931
LaHa,2021-03-21 16:20:14.000,10085381
LaHa,2021-03-21 15:04:30.000,10086072
LaHa,2021-03-21 13:47:44.000,10085622
LaHa,2021-03-21 12:26:01.000,10085691
LaHa,2021-03-21 09:34:05.000,10085439
LaHa,2021-03-21 07:48:03.000,10085658
LaHa,2021-03-20 16:48:46.000,10085990
LaHa,2021-03-20 14:45:34.000,10086045
LaHa,2021-03-20 14:02:30.000,10085737
LaHa,2021-03-20 11:45:06.000,10086016
LaHa,2021-03-20 07:57:12.000,10085665
LaHa,2021-03-20 07:28:35.000,10085940
LaHa,2021-03-19 18:18:33.000,10085631
LaHa,2021-03-19 17:24:26.000,10085632
LaHa,2021-03-19 14:21:44.000,10085607
LaHa,2021-03-19 10:29:26.000,10085722
LaHa,2021-03-19 09:07:41.000,10087798
LaHa,2021-03-19 08:54:15.000,10085775
Hawkville,2021-03-18 08:54:16.000,10085388
LaHa,2021-03-16 16:57:34.000,10085756
LaHa,2021-03-16 16:13:25.000,10085922
LaHa,2021-03-16 12:47:18.000,10086130
LaHa,2021-03-15 17:04:20.000,10085874
LaHa,2021-03-15 13:41:08.000,10085768
LaHa,2021-03-15 09:45:34.000,10086081
Hawkville,2021-03-15 08:30:54.000,10086037
LaHa,2021-03-15 07:47:16.000,10085561
LaHa,2021-03-14 08:17:16.000,10085889
LaHa,2021-03-13 16:28:02.000,10085639
LaHa,2021-03-13 15:51:27.000,10086077
LaHa,2021-03-13 14:29:51.000,10085891
LaHa,2021-03-13 12:36:24.000,10085800
LaHa,2021-03-13 10:18:42.000,10085799
LaHa,2021-03-13 10:00:18.000,10085798
LaHa,2021-03-13 07:27:06.000,10086025
LaHa,2021-03-12 10:58:43.000,10085534
LaHa,2021-03-12 10:40:00.000,10085747
LaHa,2021-03-12 10:33:16.000,10085746
LaHa,2021-03-12 07:58:56.000,10085919
LaHa,2021-03-12 07:11:28.000,10085791
LaHa,2021-03-12 06:28:48.000,10085793
LaHa,2021-03-11 08:50:25.000,10085792
LaHa,2021-03-11 08:35:37.000,10085797
LaHa,2021-03-11 07:06:09.000,10085624
LaHa,2021-03-10 08:44:02.000,10085567
LaHa,2021-03-10 08:15:31.000,10085590
LaHa,2021-03-09 12:20:05.000,10085562
LaHa,2021-03-09 10:42:04.000,10085706
LaHa,2021-03-09 09:41:35.000,10085709
LaHa,2021-03-09 09:01:23.000,10085707
LaHa,2021-03-09 07:28:30.000,10086105
LaHa,2021-03-08 15:49:50.000,10086043
Hawkville,2021-03-08 12:27:32.000,10090647
LaHa,2021-03-08 10:14:30.000,10085634
LaHa,2021-03-08 09:57:38.000,10085684
LaHa,2021-03-08 09:31:47.000,10085635
LaHa,2021-03-08 08:35:58.000,10085384
LaHa,2021-03-08 06:37:29.000,10086071
LaHa,2021-03-07 17:22:31.000,10085692
LaHa,2021-03-07 14:43:36.000,10085645
LaHa,2021-03-07 12:46:03.000,10085951
LaHa,2021-03-07 11:43:10.000,10085376
LaHa,2021-03-07 10:21:46.000,10085736
LaHa,2021-03-07 08:40:19.000,10085750
LaHa,2021-03-07 07:29:59.000,10085688
LaHa,2021-03-06 12:32:40.000,10085405
SOHA,2021-03-05 09:42:21.000,10199841
SOHA,2021-03-05 07:06:52.000,10107214
SOHA,2021-03-04 17:43:24.000,10084385
SOHA,2021-03-04 16:19:37.000,10084521
SOHA,2021-03-04 15:26:14.000,10107129
Hawkville,2021-03-04 10:08:19.000,10085783
LaHa,2021-02-24 09:17:59.000,10085756
LaHa,2021-02-24 08:10:51.000,10085440
LaHa,2021-02-23 14:34:45.000,10086081
LaHa,2021-02-23 12:43:40.000,10085793
LaHa,2021-02-23 06:44:22.000,10085692
LaHa,2021-02-22 17:34:00.000,10085639
LaHa,2021-02-13 16:36:21.000,10085995
LaHa,2021-02-13 13:58:58.000,10085747
LaHa,2021-02-13 10:24:37.000,10085874
LaHa,2021-02-12 08:10:31.000,10085706
LaHa,2021-02-01 07:56:05.000,10085635
LaHa,2021-01-29 16:50:29.000,10085889
LaHa,2021-01-29 12:23:09.000,10085567
LaHa,2021-01-29 11:37:27.000,10085590
LaHa,2021-01-28 14:33:02.000,10085645
Hawkville,2021-01-28 13:45:45.000,10085955
LaHa,2021-01-28 12:28:01.000,10085951
LaHa,2021-01-28 11:24:31.000,10085376
LaHa,2021-01-28 10:33:20.000,10086102
LaHa,2021-01-28 09:24:04.000,10085751
Hawkville,2021-01-27 08:27:23.000,10085952
LaHa,2021-01-26 13:17:52.000,10085405
LaHa,2021-01-26 09:03:59.000,10085750
LaHa,2021-01-26 07:35:30.000,10086071
Hawkville,2021-01-25 09:07:09.000,10085974
LaHa,2021-01-23 16:59:24.000,10085736
LaHa,2021-01-23 14:40:46.000,10085665
LaHa,2021-01-23 13:10:55.000,10085990
LaHa,2021-01-23 11:18:35.000,10085863
LaHa,2021-01-23 10:53:07.000,10086092
LaHa,2021-01-23 10:27:00.000,10085458
LaHa,2021-01-23 09:24:06.000,10085441
LaHa,2021-01-23 08:58:32.000,10085820
LaHa,2021-01-23 08:18:00.000,10085862
LaHa,2021-01-22 15:48:03.000,10085609
LaHa,2021-01-22 14:55:58.000,10086091
LaHa,2021-01-18 16:39:57.000,10086105
LaHa,2021-01-18 13:31:11.000,10085709
LaHa,2021-01-18 12:36:42.000,10085707
LaHa,2021-01-17 17:12:28.000,10085634
LaHa,2021-01-17 15:23:45.000,10085384
LaHa,2021-01-17 14:14:53.000,10085940
LaHa,2021-01-17 09:32:44.000,10086016
LaHa,2021-01-14 16:20:22.000,10086045
LaHa,2021-01-14 11:58:34.000,10085860
Hawkville,2021-01-12 15:18:12.000,10086041
LaHa,2021-01-12 10:59:27.000,10085757
LaHa,2021-01-09 17:07:40.000,10085932
LaHa,2021-01-09 15:12:50.000,10087798
LaHa,2021-01-09 12:07:06.000,10085931
LaHa,2021-01-09 09:26:39.000,10085381
LaHa,2021-01-08 11:33:23.000,10085631
Permian,2020-12-27 10:10:41.000,10085463
SOHA,2020-12-23 15:56:14.000,10084684
SOHA,2020-12-23 11:04:19.000,10084521
SOHA,2020-12-23 10:15:46.000,10057467
SOHA,2020-12-22 09:56:42.000,10084685
SOHA,2020-12-21 16:49:44.000,10084392
SOHA,2020-12-21 16:40:59.000,10107214
LaHa,2020-12-18 17:00:53.000,10085736
LaHa,2020-12-18 15:26:16.000,10085750
LaHa,2020-12-14 13:25:53.000,10085828
LaHa,2020-12-14 12:16:39.000,10085399
LaHa,2020-12-14 08:06:52.000,10085935
LaHa,2020-12-12 14:11:10.000,10085645
LaHa,2020-12-10 12:16:03.000,10085751
LaHa,2020-12-10 09:10:51.000,10086102
LaHa,2020-12-09 15:26:55.000,10085405
LaHa,2020-12-09 12:16:28.000,10085403
LaHa,2020-12-08 17:02:17.000,10086071
LaHa,2020-12-08 16:27:46.000,10085668
LaHa,2020-12-08 15:18:07.000,10085666
LaHa,2020-12-08 14:23:21.000,10085384
LaHa,2020-12-07 13:23:40.000,10085611
LaHa,2020-12-07 10:27:24.000,10085635
LaHa,2020-12-06 16:33:34.000,10085706
LaHa,2020-12-06 13:37:37.000,10085709
LaHa,2020-12-06 09:23:23.000,10086105
LaHa,2020-12-05 16:07:44.000,10085634
LaHa,2020-12-05 13:39:56.000,10085665
LaHa,2020-12-05 11:30:03.000,10085441
LaHa,2020-12-05 08:55:15.000,10085990
LaHa,2020-12-04 15:39:58.000,10085940
LaHa,2020-12-04 10:18:48.000,10086016
Hawkville,2020-12-02 12:51:51.000,10085978
LaHa,2020-11-28 15:50:37.000,10085860
LaHa,2020-11-28 11:13:36.000,10085928
LaHa,2020-11-26 11:43:03.000,10085588
LaHa,2020-11-26 07:30:53.000,10085567
LaHa,2020-11-25 16:20:46.000,10085747
LaHa,2020-11-25 07:14:08.000,10085646
Hawkville,2020-11-19 09:05:51.000,10085388
LaHa,2020-11-16 13:00:32.000,10085757
LaHa,2020-11-16 11:01:18.000,10085932
LaHa,2020-11-16 07:59:00.000,10086022
LaHa,2020-11-15 17:06:49.000,10085631
LaHa,2020-11-15 16:23:03.000,10085370
LaHa,2020-11-13 14:58:35.000,10085381
LaHa,2020-11-13 12:02:55.000,10085931
LaHa,2020-11-11 14:56:45.000,10085923
LaHa,2020-11-11 12:40:47.000,10085606
LaHa,2020-11-11 11:42:02.000,10085649
LaHa,2020-11-10 16:33:53.000,10085857
LaHa,2020-11-10 13:31:34.000,10085572
Permian,2020-10-31 12:43:04.000,10085529
LaHa,2020-10-31 10:25:15.000,10085692
LaHa,2020-10-30 18:08:06.000,10086077
LaHa,2020-10-30 16:58:28.000,10085854
LaHa,2020-10-30 14:11:02.000,10085849
LaHa,2020-10-29 15:48:04.000,10086045
LaHa,2020-10-29 14:20:32.000,10085739
LaHa,2020-10-29 11:34:58.000,10085862
LaHa,2020-10-29 10:54:27.000,10086006
LaHa,2020-10-29 09:14:14.000,10085820
LaHa,2020-10-29 07:36:32.000,10085720
LaHa,2020-10-26 10:41:13.000,10085447
LaHa,2020-10-25 14:23:38.000,10085891
LaHa,2020-10-25 12:09:01.000,10085791
LaHa,2020-10-25 09:24:33.000,10085793
LaHa,2020-10-24 11:38:35.000,10085561
LaHa,2020-10-22 18:15:19.000,10085863
LaHa,2020-10-22 17:25:36.000,10086092
LaHa,2020-10-22 16:27:29.000,10085458
LaHa,2020-10-16 14:06:28.000,10085593
SOHA,2020-10-12 14:30:50.000,10084521
Hawkville,2020-10-09 13:07:14.000,10085765
Hawkville,2020-10-06 09:35:31.000,10085392
SOHA,2020-10-04 17:21:40.000,10107132
SOHA,2020-10-03 16:12:33.000,10084411
Hawkville,2020-10-03 08:40:34.000,10085388
Hawkville,2020-09-30 09:32:09.000,10085784
Hawkville,2020-09-26 12:33:36.000,10085363
LaHa,2020-09-24 12:46:44.000,10085862
Karnes,2020-09-24 12:20:54.000,10085365
LaHa,2020-09-24 11:46:29.000,10085441
LaHa,2020-09-20 11:52:37.000,10085863
LaHa,2020-09-20 11:27:23.000,10085458
LaHa,2020-09-20 11:04:52.000,10086092
LaHa,2020-09-20 09:51:08.000,10085990
LaHa,2020-09-19 11:31:09.000,10086045
LaHa,2020-09-17 16:27:04.000,10085439
LaHa,2020-09-17 14:27:15.000,10085381
LaHa,2020-09-17 13:14:05.000,10085931
LaHa,2020-09-17 09:32:47.000,10085399
LaHa,2020-09-15 12:54:51.000,10085860
LaHa,2020-09-15 11:30:39.000,10085631
LaHa,2020-09-15 11:09:29.000,10085370
LaHa,2020-09-15 09:57:11.000,10085932
Permian,2020-09-14 14:51:55.000,10085615
LaHa,2020-09-14 14:33:05.000,10085923
LaHa,2020-09-14 09:23:41.000,10085757
Permian,2020-09-14 08:05:48.000,10086087
LaHa,2020-09-12 09:58:38.000,10085756
LaHa,2020-09-11 16:14:32.000,10085940
LaHa,2020-09-11 13:05:52.000,10085736
LaHa,2020-09-11 11:00:41.000,10085750
LaHa,2020-09-09 12:24:30.000,10085403
LaHa,2020-09-05 15:58:38.000,10085951
LaHa,2020-09-04 15:18:23.000,10085668
LaHa,2020-09-04 14:27:19.000,10085635
LaHa,2020-09-04 12:46:44.000,10085634
LaHa,2020-09-03 11:56:34.000,10085709
LaHa,2020-09-03 10:50:25.000,10085707
LaHa,2020-09-03 09:26:16.000,10085706
LaHa,2020-09-01 18:28:49.000,10085567
LaHa,2020-09-01 14:10:57.000,10085849
LaHa,2020-09-01 11:21:38.000,10085854
LaHa,2020-08-31 16:38:53.000,10085800
LaHa,2020-08-31 16:08:14.000,10086077
LaHa,2020-08-31 15:32:43.000,10085639
LaHa,2020-08-31 11:30:01.000,10085747
LaHa,2020-08-31 11:14:15.000,10085746
Hawkville,2020-08-31 11:11:21.000,10085787
Hawkville,2020-08-31 09:21:14.000,10085784
Hawkville,2020-08-30 10:22:45.000,10086053
LaHa,2020-08-26 13:46:27.000,10085791
Hawkville,2020-08-26 12:38:49.000,10085388
LaHa,2020-08-26 11:43:44.000,10085618
LaHa,2020-08-26 09:55:53.000,10085566
Hawkville,2020-08-25 15:38:29.000,10085647
Hawkville,2020-08-25 15:03:23.000,10086036
LaHa,2020-08-25 14:53:33.000,10085793
LaHa,2020-08-25 11:55:21.000,10086017
LaHa,2020-08-23 14:53:11.000,10085560
LaHa,2020-08-23 10:52:21.000,10085447
Hawkville,2020-08-17 15:28:29.000,10085765
Hawkville,2020-08-15 14:44:18.000,10085377
Hawkville,2020-08-15 11:00:50.000,10085594
Permian,2020-08-08 11:30:54.000,10085694
SOHA,2020-08-07 11:52:54.000,10084411
SOHA,2020-08-07 09:57:48.000,10093961
SOHA,2020-08-06 17:04:37.000,10084623
Permian,2020-08-06 16:41:12.000,10085546
SOHA,2020-08-06 16:02:05.000,10057467
SOHA,2020-08-06 13:47:50.000,10084690
SOHA,2020-08-06 12:03:41.000,10107129
Hawkville,2020-07-29 15:47:19.000,10085787
Hawkville,2020-07-29 13:26:52.000,10085783
Hawkville,2020-07-29 12:19:01.000,10085784
Hawkville,2020-07-28 12:03:15.000,10086053
Hawkville,2020-07-28 11:45:23.000,10086047
Hawkville,2020-07-27 10:56:53.000,10085388
Hawkville,2020-07-25 13:06:50.000,10085493
LaHa,2020-07-25 10:43:08.000,10085441
LaHa,2020-07-24 16:30:28.000,10085862
Hawkville,2020-07-24 14:19:39.000,10085647
Hawkville,2020-07-24 14:14:27.000,10086036
LaHa,2020-07-24 11:57:40.000,10085458
LaHa,2020-07-24 11:36:53.000,10086092
Hawkville,2020-07-23 17:43:07.000,10086038
Hawkville,2020-07-23 08:51:09.000,10094669
LaHa,2020-07-22 15:07:38.000,10085439
LaHa,2020-07-22 11:46:41.000,10085631
Hawkville,2020-07-22 10:33:47.000,10085978
LaHa,2020-07-21 13:54:56.000,10085370
LaHa,2020-07-21 08:39:46.000,10085727
LaHa,2020-07-20 13:55:03.000,10085381
LaHa,2020-07-18 08:54:29.000,10085757
LaHa,2020-07-17 16:16:12.000,10085932
LaHa,2020-07-17 14:14:18.000,10085756
LaHa,2020-07-16 16:35:51.000,10085940
Hawkville,2020-07-16 15:23:22.000,10085378
LaHa,2020-07-16 13:10:31.000,10085666
LaHa,2020-07-16 12:27:29.000,10085668
Hawkville,2020-07-16 10:51:08.000,10085594
LaHa,2020-07-15 17:42:11.000,10085736
LaHa,2020-07-15 12:26:57.000,10085403
LaHa,2020-07-14 16:30:14.000,10085750
Permian,2020-07-09 16:55:34.000,10085515
LaHa,2020-07-08 16:25:09.000,10085706
LaHa,2020-07-08 14:20:19.000,10085707
LaHa,2020-07-06 15:45:19.000,10085588
LaHa,2020-07-06 09:36:54.000,10085567
LaHa,2020-07-04 12:26:17.000,10085849
LaHa,2020-07-04 10:50:28.000,10085854
LaHa,2020-07-02 17:29:24.000,10085747
LaHa,2020-07-02 17:20:05.000,10085746
LaHa,2020-07-01 15:05:23.000,10085793
LaHa,2020-07-01 11:32:27.000,10086017
LaHa,2020-07-01 09:15:16.000,10085561
SOHA,2020-06-27 12:25:39.000,10084392
SOHA,2020-06-27 11:15:26.000,10199841
SOHA,2020-06-26 11:55:36.000,10057467
SOHA,2020-06-23 16:42:17.000,10107129
SOHA,2020-06-23 14:42:46.000,10084690
SOHA,2020-06-23 13:41:50.000,10084521
SOHA,2020-06-23 12:11:48.000,10084689
SOHA,2020-06-15 13:37:34.000,10084688
Permian,2020-06-09 15:57:40.000,10085542
Permian,2020-05-15 13:50:31.000,10086111
Permian,2020-05-14 11:01:49.000,10085510
Permian,2020-05-12 18:55:28.000,10111756
Permian,2020-05-12 16:54:44.000,10085462
Permian,2020-05-11 17:27:21.000,10085602
Permian,2020-05-10 14:01:50.000,10085544
Permian,2020-04-14 15:02:27.000,10167456
Permian,2020-03-22 10:19:50.000,10086089
Permian,2020-03-21 11:14:01.000,10085549
Permian,2020-03-19 12:37:46.000,10085693
Permian,2020-03-17 16:08:25.000,10085761
Permian,2020-03-17 09:36:39.000,10085767
LaHa,2020-03-01 12:14:01.000,10085458
LaHa,2020-02-29 12:51:47.000,10085370
LaHa,2020-02-29 11:23:36.000,10085607
Hawkville,2020-02-28 15:32:21.000,10085838
Hawkville,2020-02-28 14:59:29.000,10085573
LaHa,2020-02-28 10:10:38.000,10085928
Hawkville,2020-02-28 09:35:45.000,10085942
LaHa,2020-02-28 08:11:36.000,10085757
Hawkville,2020-02-27 16:36:52.000,10086057
Hawkville,2020-02-27 14:09:46.000,10086054
Hawkville,2020-02-27 13:40:01.000,10086062
Hawkville,2020-02-26 16:49:07.000,10085506
LaHa,2020-02-26 16:21:17.000,10085668
Hawkville,2020-02-26 11:48:45.000,10085493
LaHa,2020-02-25 12:03:31.000,10085407
Hawkville,2020-02-25 10:14:45.000,10086031
LaHa,2020-02-24 10:10:34.000,10085592
Hawkville,2020-02-21 18:07:49.000,10085373
LaHa,2020-02-21 15:18:50.000,10085590
LaHa,2020-02-21 14:51:33.000,10085567
Hawkville,2020-02-17 12:34:24.000,10085418
Hawkville,2020-02-17 12:01:43.000,10085878
SOHA,2020-02-16 14:30:15.000,10057467
LaHa,2020-02-14 12:45:56.000,10085794
Permian,2020-02-03 12:48:42.000,10085823
Permian,2020-02-02 14:34:52.000,10085507
Hawkville,2020-01-30 10:03:58.000,10085784
Hawkville,2020-01-30 09:14:26.000,10085785
Hawkville,2020-01-28 17:49:59.000,10085573
Hawkville,2020-01-28 16:37:19.000,10085838
Hawkville,2020-01-28 14:46:12.000,10086014
Hawkville,2020-01-27 16:55:25.000,10085494
Hawkville,2020-01-27 16:12:25.000,10085493
Hawkville,2020-01-27 09:05:47.000,10085388
Hawkville,2020-01-26 16:06:12.000,10086094
LaHa,2020-01-26 13:10:54.000,10085863
Hawkville,2020-01-26 12:59:08.000,10086018
LaHa,2020-01-26 11:17:09.000,10085740
LaHa,2020-01-24 12:36:50.000,10085370
LaHa,2020-01-24 11:07:03.000,10085685
LaHa,2020-01-21 11:39:00.000,10085668
LaHa,2020-01-21 11:08:09.000,10086071
Hawkville,2020-01-21 09:44:09.000,10085418
Hawkville,2020-01-20 09:26:20.000,10085866
LaHa,2020-01-19 10:11:29.000,10085562
LaHa,2020-01-18 16:05:43.000,10085590
LaHa,2020-01-09 11:05:24.000,10085412
Permian,2020-01-07 16:37:30.000,10085549
Permian,2020-01-04 12:39:40.000,10085511
LaHa,2019-12-30 11:03:08.000,10085863
LaHa,2019-12-30 09:01:26.000,10085740
LaHa,2019-12-30 08:34:59.000,10085441
Hawkville,2019-12-29 15:25:00.000,10086014
LaHa,2019-12-27 12:57:29.000,10085857
LaHa,2019-12-27 11:00:58.000,10085606
LaHa,2019-12-22 16:32:09.000,10085659
Hawkville,2019-12-22 16:19:35.000,10085493
Hawkville,2019-12-22 12:41:17.000,10085641
Hawkville,2019-12-21 14:54:47.000,10085388
LaHa,2019-12-17 12:15:36.000,10085919
LaHa,2019-12-17 11:46:48.000,10085791
LaHa,2019-12-17 10:40:53.000,10085792
Hawkville,2019-12-17 09:14:28.000,10086031
LaHa,2019-12-17 08:18:32.000,10085567
LaHa,2019-12-15 14:07:46.000,10085584
LaHa,2019-12-14 13:29:51.000,10085611
LaHa,2019-12-14 10:46:32.000,10085668
LaHa,2019-12-14 08:37:12.000,10086071
SOHA,2019-12-09 14:34:03.000,10084521
SOHA,2019-12-09 09:03:03.000,10084411
Hawkville,2019-12-07 15:06:50.000,10085969
Hawkville,2019-12-05 10:36:43.000,10085959
Hawkville,2019-12-03 12:18:23.000,10085729
LaHa,2019-12-03 07:46:21.000,10085757
LaHa,2019-11-19 12:53:04.000,10085443
LaHa,2019-11-19 10:07:57.000,10085792
LaHa,2019-11-18 08:04:57.000,10085919
LaHa,2019-11-15 08:42:20.000,10085592
Permian,2019-11-08 12:41:20.000,10085761
Hawkville,2019-11-05 13:28:58.000,10085654
Hawkville,2019-11-01 14:50:23.000,10086093
SOHA,2019-11-01 13:36:32.000,10024415
Hawkville,2019-11-01 12:02:22.000,10086041
Hawkville,2019-10-31 13:36:31.000,10085493
SOHA,2019-10-31 09:05:27.000,10084411
Hawkville,2019-10-26 10:47:48.000,10085388
Hawkville,2019-10-22 09:00:12.000,10085981
LaHa,2019-10-18 13:17:06.000,10085369
LaHa,2019-10-18 12:34:00.000,10086006
LaHa,2019-10-17 14:08:44.000,10086052
LaHa,2019-10-17 12:29:32.000,10085857
LaHa,2019-10-16 13:29:52.000,10085757
LaHa,2019-10-16 12:31:07.000,10086130
LaHa,2019-10-16 10:01:52.000,10086044
LaHa,2019-10-16 08:34:43.000,10085738
LaHa,2019-10-09 09:03:59.000,10085660
LaHa,2019-10-08 15:45:22.000,10085890
LaHa,2019-10-08 09:25:22.000,10085919
LaHa,2019-10-08 08:50:36.000,10085934
LaHa,2019-10-07 12:24:22.000,10085672
LaHa,2019-10-06 15:28:44.000,10085404
LaHa,2019-10-06 14:31:59.000,10085407
Permian,2019-10-06 08:42:39.000,10085464
Permian,2019-10-05 17:33:52.000,10085694
LaHa,2019-10-05 15:58:43.000,10085792
Permian,2019-10-05 13:58:57.000,10085744
LaHa,2019-10-05 10:19:42.000,10085616
LaHa,2019-10-05 08:27:41.000,10085567
LaHa,2019-10-04 17:30:25.000,10085589
Permian,2019-10-04 12:42:00.000,10086084
LaHa,2019-10-04 09:56:21.000,10085684
LaHa,2019-10-04 07:36:01.000,10086071
SOHA,2019-10-02 12:14:46.000,10023524
,2019-10-01 17:25:19.000,10084412
SOHA,2019-10-01 14:31:19.000,10084521
LaHa,2019-09-04 11:38:20.000,10085930
LaHa,2019-08-30 08:43:47.000,10085646
LaHa,2019-08-28 14:31:20.000,10085919
Hawkville,2019-08-27 15:24:39.000,10085388
LaHa,2019-08-23 12:38:00.000,10085567
LaHa,2019-08-23 10:38:00.000,10085562
LaHa,2019-08-23 10:23:00.000,10085584
LaHa,2019-08-23 10:10:00.000,10085592
LaHa,2019-08-21 16:17:00.000,10086109
Hawkville,2019-08-21 15:44:00.000,10085897
LaHa,2019-08-21 15:11:00.000,10085710
LaHa,2019-08-21 13:04:00.000,10085781
Hawkville,2019-08-21 12:56:00.000,10085885
LaHa,2019-08-21 11:53:00.000,10085806
LaHa,2019-08-21 10:34:00.000,10085634
LaHa,2019-08-21 10:29:00.000,10085684
LaHa,2019-08-21 08:49:00.000,10086071
LaHa,2019-08-19 13:06:00.000,10085407
LaHa,2019-08-19 12:01:00.000,10085404
LaHa,2019-08-19 08:54:00.000,10085818
LaHa,2019-08-02 14:36:23.000,10085443
Hawkville,2019-08-01 15:33:25.000,10085415
LaHa,2019-08-01 13:48:52.000,10086092
LaHa,2019-08-01 12:22:35.000,10085740
LaHa,2019-07-31 13:36:29.000,10086052
LaHa,2019-07-26 17:04:30.000,10085686
Hawkville,2019-07-26 16:48:49.000,10085573
LaHa,2019-07-25 16:11:10.000,10085646
Hawkville,2019-07-23 18:01:27.000,10086053
Hawkville,2019-07-23 16:05:51.000,10086060
Hawkville,2019-07-23 10:17:52.000,10085388
LaHa,2019-07-22 11:05:19.000,10085793
LaHa,2019-07-18 17:20:46.000,10085624
LaHa,2019-07-18 15:30:56.000,10085592
Hawkville,2019-07-18 14:03:42.000,10085966
LaHa,2019-07-18 13:39:27.000,10086109
LaHa,2019-07-18 12:53:36.000,10085710
LaHa,2019-07-18 10:52:36.000,10085781
LaHa,2019-07-18 10:02:08.000,10085806
LaHa,2019-07-18 08:58:55.000,10085634
LaHa,2019-07-17 17:06:07.000,10086071
LaHa,2019-07-16 13:02:27.000,10085412
LaHa,2019-07-16 12:37:17.000,10085407
LaHa,2019-07-16 09:56:33.000,10085818
SOHA,2019-07-15 12:05:27.000,10084622
SOHA,2019-07-15 10:18:16.000,10025218
Permian,2019-07-09 12:44:00.000,10085510
LaHa,2019-07-02 14:15:00.000,10085634
Permian,2019-07-01 15:28:08.000,10085735
LaHa,2019-06-28 14:50:13.000,10085773
LaHa,2019-06-28 14:25:23.000,10085775
LaHa,2019-06-28 10:23:02.000,10085685
LaHa,2019-06-28 10:14:18.000,10085686
LaHa,2019-06-26 13:15:00.000,10085696
LaHa,2019-06-26 09:09:00.000,10085936
LaHa,2019-06-25 11:25:38.000,10086022
Hawkville,2019-06-25 10:38:19.000,10085468
LaHa,2019-06-21 15:52:00.000,10085625
LaHa,2019-06-21 15:18:00.000,10085793
LaHa,2019-06-21 15:11:00.000,10085797
LaHa,2019-06-20 15:03:00.000,10085747
LaHa,2019-06-19 12:47:00.000,10086109
LaHa,2019-06-19 11:58:00.000,10085710
LaHa,2019-06-18 11:32:00.000,10085666
LaHa,2019-06-18 09:26:00.000,10086071
LaHa,2019-06-13 19:45:23.000,10085412
LaHa,2019-06-13 18:40:59.000,10085411
LaHa,2019-06-13 16:01:13.000,10085610
LaHa,2019-06-12 14:14:00.000,10086048
LaHa,2019-06-12 13:26:00.000,10085402
LaHa,2019-06-12 12:35:00.000,10085404
LaHa,2019-06-12 11:03:00.000,10085409
LaHa,2019-06-11 17:44:14.000,10085818
LaHa,2019-06-11 14:50:42.000,10085638
LaHa,2019-06-09 09:30:07.000,10085757
LaHa,2019-06-06 16:13:38.000,10085443
LaHa,2019-06-06 14:32:42.000,10085672
Hawkville,2019-06-04 10:02:00.000,10085505
Hawkville,2019-06-04 09:34:00.000,10085437
SOHA,2019-06-03 19:24:00.000,10025218
Hawkville,2019-06-03 14:10:00.000,10086046
Hawkville,2019-05-31 12:41:00.000,10085648
Hawkville,2019-05-31 11:19:00.000,10085493
Hawkville,2019-05-30 14:51:00.000,10085388
LaHa,2019-05-29 15:49:00.000,10085672
LaHa,2019-05-24 09:57:00.000,10085379
LaHa,2019-05-23 14:17:00.000,10085677
LaHa,2019-05-23 10:54:00.000,10086130
LaHa,2019-05-21 08:21:00.000,10085621
LaHa,2019-05-15 13:04:00.000,10086110
SOHA,2019-05-14 10:11:00.000,10084621
Hawkville,2019-05-13 13:58:00.000,10085655
SOHA,2019-05-13 11:07:00.000,10021199
Hawkville,2019-05-09 09:24:00.000,10085782
LaHa,2019-05-07 08:49:00.000,10085567
Permian,2019-05-05 12:24:39.000,10085514
LaHa,2019-05-03 10:13:00.000,10085645
LaHa,2019-04-30 17:10:00.000,10085634
LaHa,2019-04-30 15:31:00.000,10085666
LaHa,2019-04-30 14:22:00.000,10086071
LaHa,2019-04-30 10:19:00.000,10085610
Hawkville,2019-04-26 12:01:50.000,10085493
LaHa,2019-02-12 12:38:46.000,10085370
LaHa,1969-12-31 18:00:00.000,10085661